path,resolution,series,sys_id,img_id,format,date
3000/pollen_29_2900.jpg,3000,cherish,29,2900,jpg,2022-02-12
800/pollen_29_2900.jpg,800,cherish,29,2900,jpg,2022-02-12
3000/pollen_29_2901.jpg,3000,cherish,29,2901,jpg,2022-02-12
800/pollen_29_2901.jpg,800,cherish,29,2901,jpg,2022-02-12
3000/pollen_29_2902.jpg,3000,cherish,29,2902,jpg,2022-02-12
800/pollen_29_2902.jpg,800,cherish,29,2902,jpg,2022-02-12
3000/pollen_29_2903.jpg,3000,cherish,29,2903,jpg,2022-02-12
800/pollen_29_2903.jpg,800,cherish,29,2903,jpg,2022-02-12
3000/pollen_29_2904.jpg,3000,cherish,29,2904,jpg,2022-02-12
800/pollen_29_2904.jpg,800,cherish,29,2904,jpg,2022-02-12
3000/pollen_29_2905.jpg,3000,cherish,29,2905,jpg,2022-02-12
800/pollen_29_2905.jpg,800,cherish,29,2905,jpg,2022-02-12
3000/pollen_29_2906.jpg,3000,cherish,29,2906,jpg,2022-02-12
800/pollen_29_2906.jpg,800,cherish,29,2906,jpg,2022-02-12
3000/pollen_29_2907.jpg,3000,cherish,29,2907,jpg,2022-02-12
800/pollen_29_2907.jpg,800,cherish,29,2907,jpg,2022-02-12
3000/pollen_29_2908.jpg,3000,cherish,29,2908,jpg,2022-02-12
800/pollen_29_2908.jpg,800,cherish,29,2908,jpg,2022-02-12
3000/pollen_29_2909.jpg,3000,cherish,29,2909,jpg,2022-02-12
800/pollen_29_2909.jpg,800,cherish,29,2909,jpg,2022-02-12
3000/pollen_29_2910.jpg,3000,cherish,29,2910,jpg,2022-02-12
800/pollen_29_2910.jpg,800,cherish,29,2910,jpg,2022-02-12
3000/pollen_29_2911.jpg,3000,cherish,29,2911,jpg,2022-02-12
800/pollen_29_2911.jpg,800,cherish,29,2911,jpg,2022-02-12
3000/pollen_29_2912.jpg,3000,cherish,29,2912,jpg,2022-02-12
800/pollen_29_2912.jpg,800,cherish,29,2912,jpg,2022-02-12
3000/pollen_29_2913.jpg,3000,cherish,29,2913,jpg,2022-02-12
800/pollen_29_2913.jpg,800,cherish,29,2913,jpg,2022-02-12
3000/pollen_29_2914.jpg,3000,cherish,29,2914,jpg,2022-02-12
800/pollen_29_2914.jpg,800,cherish,29,2914,jpg,2022-02-12
3000/pollen_29_2915.jpg,3000,cherish,29,2915,jpg,2022-02-12
800/pollen_29_2915.jpg,800,cherish,29,2915,jpg,2022-02-12
3000/pollen_29_2916.jpg,3000,cherish,29,2916,jpg,2022-02-12
800/pollen_29_2916.jpg,800,cherish,29,2916,jpg,2022-02-12
3000/pollen_29_2917.jpg,3000,cherish,29,2917,jpg,2022-02-12
800/pollen_29_2917.jpg,800,cherish,29,2917,jpg,2022-02-12
3000/pollen_29_2918.jpg,3000,cherish,29,2918,jpg,2022-02-12
800/pollen_29_2918.jpg,800,cherish,29,2918,jpg,2022-02-12
3000/pollen_29_2919.jpg,3000,cherish,29,2919,jpg,2022-02-12
800/pollen_29_2919.jpg,800,cherish,29,2919,jpg,2022-02-12
3000/pollen_29_2920.jpg,3000,cherish,29,2920,jpg,2022-02-12
800/pollen_29_2920.jpg,800,cherish,29,2920,jpg,2022-02-12
3000/pollen_29_2921.jpg,3000,cherish,29,2921,jpg,2022-02-12
800/pollen_29_2921.jpg,800,cherish,29,2921,jpg,2022-02-12
3000/pollen_29_2922.jpg,3000,cherish,29,2922,jpg,2022-02-12
800/pollen_29_2922.jpg,800,cherish,29,2922,jpg,2022-02-12
3000/pollen_29_2923.jpg,3000,cherish,29,2923,jpg,2022-02-12
800/pollen_29_2923.jpg,800,cherish,29,2923,jpg,2022-02-12
3000/pollen_29_2924.jpg,3000,cherish,29,2924,jpg,2022-02-12
800/pollen_29_2924.jpg,800,cherish,29,2924,jpg,2022-02-12
3000/pollen_29_2925.jpg,3000,cherish,29,2925,jpg,2022-02-12
800/pollen_29_2925.jpg,800,cherish,29,2925,jpg,2022-02-12
3000/pollen_29_2926.jpg,3000,cherish,29,2926,jpg,2022-02-12
800/pollen_29_2926.jpg,800,cherish,29,2926,jpg,2022-02-12
3000/pollen_29_2927.jpg,3000,cherish,29,2927,jpg,2022-02-12
800/pollen_29_2927.jpg,800,cherish,29,2927,jpg,2022-02-12
3000/pollen_29_2928.jpg,3000,cherish,29,2928,jpg,2022-02-12
800/pollen_29_2928.jpg,800,cherish,29,2928,jpg,2022-02-12
3000/pollen_29_2929.jpg,3000,cherish,29,2929,jpg,2022-02-12
800/pollen_29_2929.jpg,800,cherish,29,2929,jpg,2022-02-12
3000/pollen_29_2930.jpg,3000,cherish,29,2930,jpg,2022-02-12
800/pollen_29_2930.jpg,800,cherish,29,2930,jpg,2022-02-12
3000/pollen_29_2931.jpg,3000,cherish,29,2931,jpg,2022-02-12
800/pollen_29_2931.jpg,800,cherish,29,2931,jpg,2022-02-12
3000/pollen_29_2932.jpg,3000,cherish,29,2932,jpg,2022-02-12
800/pollen_29_2932.jpg,800,cherish,29,2932,jpg,2022-02-12
3000/pollen_29_2933.jpg,3000,cherish,29,2933,jpg,2022-02-12
800/pollen_29_2933.jpg,800,cherish,29,2933,jpg,2022-02-12
3000/pollen_29_2934.jpg,3000,cherish,29,2934,jpg,2022-02-12
800/pollen_29_2934.jpg,800,cherish,29,2934,jpg,2022-02-12
3000/pollen_29_2935.jpg,3000,cherish,29,2935,jpg,2022-02-12
800/pollen_29_2935.jpg,800,cherish,29,2935,jpg,2022-02-12
3000/pollen_29_2936.jpg,3000,cherish,29,2936,jpg,2022-02-12
800/pollen_29_2936.jpg,800,cherish,29,2936,jpg,2022-02-12
3000/pollen_29_2937.jpg,3000,cherish,29,2937,jpg,2022-02-12
800/pollen_29_2937.jpg,800,cherish,29,2937,jpg,2022-02-12
3000/pollen_29_2938.jpg,3000,cherish,29,2938,jpg,2022-02-12
800/pollen_29_2938.jpg,800,cherish,29,2938,jpg,2022-02-12
3000/pollen_29_2939.jpg,3000,cherish,29,2939,jpg,2022-02-12
800/pollen_29_2939.jpg,800,cherish,29,2939,jpg,2022-02-12
3000/pollen_29_2940.jpg,3000,cherish,29,2940,jpg,2022-02-12
800/pollen_29_2940.jpg,800,cherish,29,2940,jpg,2022-02-12
3000/pollen_29_2941.jpg,3000,cherish,29,2941,jpg,2022-02-12
800/pollen_29_2941.jpg,800,cherish,29,2941,jpg,2022-02-12
3000/pollen_29_2942.jpg,3000,cherish,29,2942,jpg,2022-02-12
800/pollen_29_2942.jpg,800,cherish,29,2942,jpg,2022-02-12
3000/pollen_29_2943.jpg,3000,cherish,29,2943,jpg,2022-02-12
800/pollen_29_2943.jpg,800,cherish,29,2943,jpg,2022-02-12
3000/pollen_29_2944.jpg,3000,cherish,29,2944,jpg,2022-02-12
800/pollen_29_2944.jpg,800,cherish,29,2944,jpg,2022-02-12
3000/pollen_29_2945.jpg,3000,cherish,29,2945,jpg,2022-02-12
800/pollen_29_2945.jpg,800,cherish,29,2945,jpg,2022-02-12
3000/pollen_29_2946.jpg,3000,cherish,29,2946,jpg,2022-02-12
800/pollen_29_2946.jpg,800,cherish,29,2946,jpg,2022-02-12
3000/pollen_29_2947.jpg,3000,cherish,29,2947,jpg,2022-02-12
800/pollen_29_2947.jpg,800,cherish,29,2947,jpg,2022-02-12
3000/pollen_29_2948.jpg,3000,cherish,29,2948,jpg,2022-02-12
800/pollen_29_2948.jpg,800,cherish,29,2948,jpg,2022-02-12
3000/pollen_29_2949.jpg,3000,cherish,29,2949,jpg,2022-02-12
800/pollen_29_2949.jpg,800,cherish,29,2949,jpg,2022-02-12
3000/pollen_29_2950.jpg,3000,cherish,29,2950,jpg,2022-02-12
800/pollen_29_2950.jpg,800,cherish,29,2950,jpg,2022-02-12
3000/pollen_29_2951.jpg,3000,cherish,29,2951,jpg,2022-02-12
800/pollen_29_2951.jpg,800,cherish,29,2951,jpg,2022-02-12
3000/pollen_29_2952.jpg,3000,cherish,29,2952,jpg,2022-02-12
800/pollen_29_2952.jpg,800,cherish,29,2952,jpg,2022-02-12
3000/pollen_29_2953.jpg,3000,cherish,29,2953,jpg,2022-02-12
800/pollen_29_2953.jpg,800,cherish,29,2953,jpg,2022-02-12
3000/pollen_29_2954.jpg,3000,cherish,29,2954,jpg,2022-02-12
800/pollen_29_2954.jpg,800,cherish,29,2954,jpg,2022-02-12
3000/pollen_29_2955.jpg,3000,cherish,29,2955,jpg,2022-02-12
800/pollen_29_2955.jpg,800,cherish,29,2955,jpg,2022-02-12
3000/pollen_29_2956.jpg,3000,cherish,29,2956,jpg,2022-02-12
800/pollen_29_2956.jpg,800,cherish,29,2956,jpg,2022-02-12
3000/pollen_29_2957.jpg,3000,cherish,29,2957,jpg,2022-02-12
800/pollen_29_2957.jpg,800,cherish,29,2957,jpg,2022-02-12
3000/pollen_29_2958.jpg,3000,cherish,29,2958,jpg,2022-02-12
800/pollen_29_2958.jpg,800,cherish,29,2958,jpg,2022-02-12
3000/pollen_29_2959.jpg,3000,cherish,29,2959,jpg,2022-02-12
800/pollen_29_2959.jpg,800,cherish,29,2959,jpg,2022-02-12
3000/pollen_29_2960.jpg,3000,cherish,29,2960,jpg,2022-02-12
800/pollen_29_2960.jpg,800,cherish,29,2960,jpg,2022-02-12
3000/pollen_29_2961.jpg,3000,cherish,29,2961,jpg,2022-02-12
800/pollen_29_2961.jpg,800,cherish,29,2961,jpg,2022-02-12
3000/pollen_29_2962.jpg,3000,cherish,29,2962,jpg,2022-02-12
800/pollen_29_2962.jpg,800,cherish,29,2962,jpg,2022-02-12
3000/pollen_29_2963.jpg,3000,cherish,29,2963,jpg,2022-02-12
800/pollen_29_2963.jpg,800,cherish,29,2963,jpg,2022-02-12
3000/pollen_29_2964.jpg,3000,cherish,29,2964,jpg,2022-02-12
800/pollen_29_2964.jpg,800,cherish,29,2964,jpg,2022-02-12
3000/pollen_29_2965.jpg,3000,cherish,29,2965,jpg,2022-02-12
800/pollen_29_2965.jpg,800,cherish,29,2965,jpg,2022-02-12
3000/pollen_29_2966.jpg,3000,cherish,29,2966,jpg,2022-02-12
800/pollen_29_2966.jpg,800,cherish,29,2966,jpg,2022-02-12
3000/pollen_29_2967.jpg,3000,cherish,29,2967,jpg,2022-02-12
800/pollen_29_2967.jpg,800,cherish,29,2967,jpg,2022-02-12
3000/pollen_29_2968.jpg,3000,cherish,29,2968,jpg,2022-02-12
800/pollen_29_2968.jpg,800,cherish,29,2968,jpg,2022-02-12
3000/pollen_29_2969.jpg,3000,cherish,29,2969,jpg,2022-02-12
800/pollen_29_2969.jpg,800,cherish,29,2969,jpg,2022-02-12
3000/pollen_29_2970.jpg,3000,cherish,29,2970,jpg,2022-02-12
800/pollen_29_2970.jpg,800,cherish,29,2970,jpg,2022-02-12
3000/pollen_29_2971.jpg,3000,cherish,29,2971,jpg,2022-02-12
800/pollen_29_2971.jpg,800,cherish,29,2971,jpg,2022-02-12
3000/pollen_29_2972.jpg,3000,cherish,29,2972,jpg,2022-02-12
800/pollen_29_2972.jpg,800,cherish,29,2972,jpg,2022-02-12
3000/pollen_29_2973.jpg,3000,cherish,29,2973,jpg,2022-02-12
800/pollen_29_2973.jpg,800,cherish,29,2973,jpg,2022-02-12
3000/pollen_29_2974.jpg,3000,cherish,29,2974,jpg,2022-02-12
800/pollen_29_2974.jpg,800,cherish,29,2974,jpg,2022-02-12
3000/pollen_29_2975.jpg,3000,cherish,29,2975,jpg,2022-02-12
800/pollen_29_2975.jpg,800,cherish,29,2975,jpg,2022-02-12
3000/pollen_29_2976.jpg,3000,cherish,29,2976,jpg,2022-02-12
800/pollen_29_2976.jpg,800,cherish,29,2976,jpg,2022-02-12
3000/pollen_29_2977.jpg,3000,cherish,29,2977,jpg,2022-02-12
800/pollen_29_2977.jpg,800,cherish,29,2977,jpg,2022-02-12
3000/pollen_29_2978.jpg,3000,cherish,29,2978,jpg,2022-02-12
800/pollen_29_2978.jpg,800,cherish,29,2978,jpg,2022-02-12
3000/pollen_29_2979.jpg,3000,cherish,29,2979,jpg,2022-02-12
800/pollen_29_2979.jpg,800,cherish,29,2979,jpg,2022-02-12
3000/pollen_29_2980.jpg,3000,cherish,29,2980,jpg,2022-02-12
800/pollen_29_2980.jpg,800,cherish,29,2980,jpg,2022-02-12
3000/pollen_29_2981.jpg,3000,cherish,29,2981,jpg,2022-02-12
800/pollen_29_2981.jpg,800,cherish,29,2981,jpg,2022-02-12
3000/pollen_29_2982.jpg,3000,cherish,29,2982,jpg,2022-02-12
800/pollen_29_2982.jpg,800,cherish,29,2982,jpg,2022-02-12
3000/pollen_29_2983.jpg,3000,cherish,29,2983,jpg,2022-02-12
800/pollen_29_2983.jpg,800,cherish,29,2983,jpg,2022-02-12
3000/pollen_29_2984.jpg,3000,cherish,29,2984,jpg,2022-02-12
800/pollen_29_2984.jpg,800,cherish,29,2984,jpg,2022-02-12
3000/pollen_29_2985.jpg,3000,cherish,29,2985,jpg,2022-02-12
800/pollen_29_2985.jpg,800,cherish,29,2985,jpg,2022-02-12
3000/pollen_29_2986.jpg,3000,cherish,29,2986,jpg,2022-02-12
800/pollen_29_2986.jpg,800,cherish,29,2986,jpg,2022-02-12
3000/pollen_29_2987.jpg,3000,cherish,29,2987,jpg,2022-02-12
800/pollen_29_2987.jpg,800,cherish,29,2987,jpg,2022-02-12
3000/pollen_29_2988.jpg,3000,cherish,29,2988,jpg,2022-02-12
800/pollen_29_2988.jpg,800,cherish,29,2988,jpg,2022-02-12
3000/pollen_29_2989.jpg,3000,cherish,29,2989,jpg,2022-02-12
800/pollen_29_2989.jpg,800,cherish,29,2989,jpg,2022-02-12
3000/pollen_29_2990.jpg,3000,cherish,29,2990,jpg,2022-02-12
800/pollen_29_2990.jpg,800,cherish,29,2990,jpg,2022-02-12
3000/pollen_29_2991.jpg,3000,cherish,29,2991,jpg,2022-02-12
800/pollen_29_2991.jpg,800,cherish,29,2991,jpg,2022-02-12
3000/pollen_29_2992.jpg,3000,cherish,29,2992,jpg,2022-02-12
800/pollen_29_2992.jpg,800,cherish,29,2992,jpg,2022-02-12
3000/pollen_29_2993.jpg,3000,cherish,29,2993,jpg,2022-02-12
800/pollen_29_2993.jpg,800,cherish,29,2993,jpg,2022-02-12
3000/pollen_29_2994.jpg,3000,cherish,29,2994,jpg,2022-02-12
800/pollen_29_2994.jpg,800,cherish,29,2994,jpg,2022-02-12
3000/pollen_29_2995.jpg,3000,cherish,29,2995,jpg,2022-02-12
800/pollen_29_2995.jpg,800,cherish,29,2995,jpg,2022-02-12
3000/pollen_29_2996.jpg,3000,cherish,29,2996,jpg,2022-02-12
800/pollen_29_2996.jpg,800,cherish,29,2996,jpg,2022-02-12
3000/pollen_29_2997.jpg,3000,cherish,29,2997,jpg,2022-02-12
800/pollen_29_2997.jpg,800,cherish,29,2997,jpg,2022-02-12
3000/pollen_29_2998.jpg,3000,cherish,29,2998,jpg,2022-02-12
800/pollen_29_2998.jpg,800,cherish,29,2998,jpg,2022-02-12
3000/pollen_29_2999.jpg,3000,cherish,29,2999,jpg,2022-02-12
800/pollen_29_2999.jpg,800,cherish,29,2999,jpg,2022-02-12
